{
    "predictions": [
        10179.470265474029,
        9525.607314730123,
        5530.356380968631,
        9271.998726403288,
        11041.16173300214,
        9148.30158894294,
        9104.194505543175,
        6882.631234753694,
        9319.452868737371,
        8523.18165952578,
        6818.791167082261,
        6653.205918756661,
        8776.825560564143,
        8143.711055201953,
        10439.889552506927,
        5465.632354534812,
        11433.091973565226,
        5422.922774455479,
        4580.978507388099,
        1162.4115254079552
    ],
    "actual": [
        4478,
        3410,
        4060,
        1055,
        13256,
        3043,
        13173,
        5534,
        1167,
        3974,
        4838,
        1457,
        1620,
        422,
        2196,
        1918,
        5181,
        30907,
        5489,
        16359
    ],
    "engagement_rate": 7762.16,
    "sentiment_correlation": -0.03432382231903113,
    "mean_squared_error": 71495214.89503554,
    "r_squared": -0.41692406265433934,
    "common_keywords": [
        "at",
        "bird",
        "case",
        "dead",
        "die",
        "found",
        "identifi",
        "judg",
        "kill",
        "least",
        "murder",
        "new",
        "offici",
        "polic",
        "presid",
        "rule",
        "say",
        "shoot",
        "trump",
        "us"
    ]
}